{
  "S1": {
    "acceptance_threshold": -0.004907285616114194,
    "orthodox_novelty_threshold": -1.545937398258523e-17,
    "careerist_prestige_threshold": -0.002867759081255883,
    "mass_producer_effort_threshold": 0.16145772620802437,
    "max_rewardless_steps": -0.13376504224583144,
    "policy_aligned_in_group": -1.6673959301216755e-17
  },
  "ST": {
    "acceptance_threshold": 0.0011416384261986184,
    "orthodox_novelty_threshold": 4.9150826170835776e-32,
    "careerist_prestige_threshold": 0.029456408470993466,
    "mass_producer_effort_threshold": 1.1712633248293651,
    "max_rewardless_steps": 0.7911692845889272,
    "policy_aligned_in_group": 2.905681194217055e-31
  }
}
