{
  "S1": {
    "acceptance_threshold": 0.25027869172735656,
    "orthodox_novelty_threshold": -8.138268051389377e-18,
    "careerist_prestige_threshold": 0.014970833911836309,
    "mass_producer_effort_threshold": 0.05553295615727848,
    "max_rewardless_steps": 0.06223214520636379,
    "policy_aligned_in_group": -9.18593233244826e-18
  },
  "ST": {
    "acceptance_threshold": 0.7511736210246437,
    "orthodox_novelty_threshold": 1.8220357683352041e-31,
    "careerist_prestige_threshold": 0.010693153023003537,
    "mass_producer_effort_threshold": 0.6562778234585317,
    "max_rewardless_steps": 0.8811254757553624,
    "policy_aligned_in_group": 5.466107305005612e-31
  }
}