{
  "S1": {
    "acceptance_threshold": -0.003456890836739538,
    "orthodox_novelty_threshold": 1.6954439732734355e-16,
    "careerist_prestige_threshold": 0.018118105880200155,
    "mass_producer_effort_threshold": 0.11689457411742567,
    "max_rewardless_steps": 0.24997839851850012,
    "policy_aligned_in_group": 3.1983344074385613e-16
  },
  "ST": {
    "acceptance_threshold": 0.013902475240776991,
    "orthodox_novelty_threshold": 7.916591716425891e-31,
    "careerist_prestige_threshold": 0.00911635074260629,
    "mass_producer_effort_threshold": 1.2960188599505813,
    "max_rewardless_steps": 0.9623491607583594,
    "policy_aligned_in_group": 3.179405382887171e-30
  }
}