{
  "S1": {
    "acceptance_threshold": 0.0710835520770655,
    "orthodox_novelty_threshold": -8.174501488409235e-16,
    "careerist_prestige_threshold": -0.0527026071295517,
    "mass_producer_effort_threshold": 0.026990438917105706,
    "max_rewardless_steps": -0.029735726416914667,
    "policy_aligned_in_group": -9.48723296468871e-16
  },
  "ST": {
    "acceptance_threshold": 0.7499723243107236,
    "orthodox_novelty_threshold": 1.1206237244883852e-29,
    "careerist_prestige_threshold": 0.2765080580585602,
    "mass_producer_effort_threshold": 1.1278848341825396,
    "max_rewardless_steps": 0.7340931493291646,
    "policy_aligned_in_group": 6.096193061216817e-29
  }
}