{
  "S1": {
    "acceptance_threshold": 0.025042301832383523,
    "orthodox_novelty_threshold": 0.0014016460973934955,
    "careerist_prestige_threshold": 0.17520847490191518,
    "mass_producer_effort_threshold": 0.40458819699326526,
    "max_rewardless_steps": 0.4002619180350163,
    "policy_aligned_in_group": -0.05210409056148348
  },
  "ST": {
    "acceptance_threshold": 0.32088388956457764,
    "orthodox_novelty_threshold": 0.2798903686175853,
    "careerist_prestige_threshold": 0.4205504269199192,
    "mass_producer_effort_threshold": 0.516678188040653,
    "max_rewardless_steps": 0.699905205940983,
    "policy_aligned_in_group": 0.1978441474977326
  }
}