{
  "S1": {
    "acceptance_threshold": -0.01912240333942105,
    "orthodox_novelty_threshold": -1.5805421503784408e-16,
    "careerist_prestige_threshold": 0.05379003444049546,
    "mass_producer_effort_threshold": 0.06315811682739432,
    "max_rewardless_steps": 0.07575465081835248,
    "policy_aligned_in_group": 3.5552422492581245e-16
  },
  "ST": {
    "acceptance_threshold": 0.330968520774047,
    "orthodox_novelty_threshold": 1.5961549614800085e-29,
    "careerist_prestige_threshold": 0.034204213356588895,
    "mass_producer_effort_threshold": 0.5745682846390505,
    "max_rewardless_steps": 1.153014998795565,
    "policy_aligned_in_group": 7.881015122307544e-29
  }
}