{
  "S1": {
    "acceptance_threshold": -0.001516972408331038,
    "orthodox_novelty_threshold": 5.753171427455532e-17,
    "careerist_prestige_threshold": 0.07176636045448086,
    "mass_producer_effort_threshold": 0.08818679145901152,
    "max_rewardless_steps": 0.2675387598280166,
    "policy_aligned_in_group": 2.6613582521093738e-17
  },
  "ST": {
    "acceptance_threshold": 0.0008331415344532447,
    "orthodox_novelty_threshold": 9.76846917368158e-32,
    "careerist_prestige_threshold": 0.07152640641437473,
    "mass_producer_effort_threshold": 1.1980344813693573,
    "max_rewardless_steps": 0.9281337515007239,
    "policy_aligned_in_group": 5.460734406926918e-31
  }
}