{
  "S1": {
    "acceptance_threshold": -0.03825452696515743,
    "orthodox_novelty_threshold": 9.97627223826939e-17,
    "careerist_prestige_threshold": -0.019620635299984944,
    "mass_producer_effort_threshold": 0.06867681387074862,
    "max_rewardless_steps": 0.28209894738321506,
    "policy_aligned_in_group": 4.29713540512968e-16
  },
  "ST": {
    "acceptance_threshold": 0.00830968316014827,
    "orthodox_novelty_threshold": 7.3632358376754435e-31,
    "careerist_prestige_threshold": 0.0411951516066383,
    "mass_producer_effort_threshold": 1.099132453220928,
    "max_rewardless_steps": 0.8743844891887637,
    "policy_aligned_in_group": 2.8114173198397144e-30
  }
}